date,time,narration,debit_inr,credit_inr,balance_inr
2026-02-27,11:05,NEFT/Cotton Weavers Co-op/inv 2201,420000,,6130000
2026-02-28,10:12,NEFT/Prakash Threads/inv 7745,265000,,5865000
2026-02-28,16:40,NEFT/Retail receipts/Lajpat store,,712000,6577000
2026-03-01,13:22,NEFT/Standard Packaging/inv 9013,98000,,6479000
2026-03-01,23:52,IMPS/VIKRAM KULKARNI/ref 6190442211,1800000,,4679000
2026-03-02,08:40,Approval log: txn 6190442211 second authoriser recorded,,,4679000
2026-03-03,12:10,NEFT/Shree Ganesh Dyers/FAILED-INSUFFICIENT-FUNDS-HOLD,0,,4679000
2026-03-05,15:30,OD DRAWDOWN/Overdraft facility,,1800000,6479000
2026-03-06,10:05,NEFT/Shree Ganesh Dyers/inv 5530,1800000,,4679000
2026-03-09,17:48,IMPS/VIKRAM KULKARNI/ref 7120094455,,600000,5279000
